Token;Label_Maj;Quaero_Maj
PTITB;PER;
JLANN;PER;
"
";;
IL;;
DRV0IR;;
.;;
"
";;
PHEIIIkI;;
PAIII;;
.;;
"
";;
EMANCE;;
DE;;
JEANME;PER;
;;
"
";;
a;PER;
mbre;PER;
Nannette;PER;
.;;
"
";;
Il;;
y;;
avait;;
dans;;
un;;
bousrg;;
du;;
dpartenent;LOC;loc.adm.reg
du;;
"
";;
tCher;LOC;loc.adm.reg
une;;
bonne;;
veuve;;
ag6e;;
de;;
soixante;;
ans;;
;;
qu';;
on;;
"
";;
appelait;;
la;PER;
mbre;PER;
Nunnette;PER;
.;;
Llle;;
poss6dait;;
une;;
petite;;
"
";;
maison;;
aves;;
une;;
petite;;
chneire;;
et;;
un;;
jardin;;
"
";;
plante;;
de;;
pommiers;;
;;
de;;
pruniers;;
et;;
de;;
groseilliers;;
.;;
"
";;
Du;;
cbt6;;
du;;
chemin;;
;;
un;;
gros;;
noyer;;
;;
qui;;
avait;;
plus;;
"
";;
de;;
cent;;
ans;;
;;
ombruageait;;
le;;
davant;;
de;;
sa;;
porte;;
.;;
"
";;
Quand;;
les;;
fleurs;;
de;;
cet;;
arbre;;
ne;;
gelaient;;
pas;;
au;;
"
";;
printemps;;
;;
il;;
donnait;;
assez;;
de;;
noix;;
a;;
la;PER;
mere;PER;
];PER;
"
";PER;
Nannette;PER;
pour;;
qu';;
elle;;
et;;
sa;;
provision;;
d';;
huile;;
l';;
an-;;
];;
"
";;
nee;;
suivante;;
.;;
Sil;;
se;;
faisait;;
deux;;
bonnes;;
r6eoltes;;
"
";;
de;;
suite;;
;;
elle;;
vendait;;
une;;
partie;;
des;;
noix;;
;;
ce;;
qui;;
"
";;
lui;;
donnait;;
un;;
petit;;
profit;;
.;;
Quoiquell;;
poss6dht;;
"
";;
une;;
vigne;;
et;;
un;;
bssu;;
morceau;;
de;;
terre;;
;;
elle;;
n';;
a-;;
"
";;
vait;;
qe;;
bien;;
juste;;
ee;;
qu';;
il;;
lui;;
fllait;;
pour;;
vire;;
.;;
PREMIIRR;;
PAHR;;
.;;
"
";;
lla;;
samait;;
du;;
fromant;;
daux;;
anneas;;
de;;
suite;;
dans;;
"
";;
eon;;
ehamp;;
;;
gqui;;
;;
la;;
troisime;;
;;
rapportait;;
alterna-;;
"
";;
tivement;;
du;;
trbfle;;
et;;
des;;
pmmes;;
do;;
tenre;;
.;;
Klle;;
"
";;
resoltait;;
asse;;
de;;
hl6;;
pour;;
so;;
nourrir;;
pondant;;
-0;;
les;;
"
";;
trois;;
ans;;
.;;
ais;;
si;;
lanne;PER;
atait;;
mauvaise;;
;;
la;PER;
mbre;PER;
"
";PER;
Nannetts;PER;
venduit;;
la;;
pibce;;
de;;
toile;;
quelle;;
avait;;
fait;;
"
";;
faire;;
aveoe;;
le;;
ohanvre;;
amass;;
et;;
fll6;;
pandant;;
quuatra;;
"
";;
uns;;
.;;
Largent;;
quella;;
en;;
retirait;;
lui;;
servait;;
a;;
com-;;
"
";;
plter;;
sa;;
provision;;
de;;
bl6;;
;;
et;;
;;
mlgr6;;
tout;;
cela;;
;;
"
";;
elle;;
ptiassit;;
bien;;
un;;
peu;;
l';;
hiver;;
.;;
"
";;
Pour;;
que;;
In;;
terre;;
rapporte;;
chaque;;
annee;;
sans;;
"
";;
se;;
reposer;;
;;
il;;
faut;;
baaucoup;;
de;;
fumier;;
;;
la;PER;
mre;PER;
"
";PER;
Nannette;PER;
;;
qui;;
le;;
savait;;
bien;;
;;
avait;;
une;;
vache;;
et;;
"
";;
une;;
ohbvre;;
quelle;;
menait;;
paltre;;
sur;;
les;;
commu-;;
"
";;
naux;;
et;;
le;;
long;;
des;;
haies;;
.;;
Avee;;
leur;;
lait;;
elle;;
faisait;;
"
";;
du;;
beurre;;
et;;
des;;
fromages;;
;;
quelle;;
vendait;;
h;;
la;;
"
";;
ville;;
voisine;;
.;;
Quand;;
ses;;
b8tes;;
etaient;;
rentres;;
"
";;
l6table;;
;;
elle;;
allait;;
chereher;;
pour;;
elles;;
de;;
lherhe;;
"
";;
dans;;
les;LOC;loc.phys.geo
ehamps;LOC;loc.phys.geo
et;;
au;;
bord;;
des;;
ruisseaux;LOC;loc.phys.hydro
.;;
Commae;;
"
";;
elle;;
les;;
tenait;;
bien;;
proprement;;
;;
elles;;
etaient;;
en;;
bon;;
"
";;
6tat;;
.;;
Lhiver;;
;;
elles;;
mangeaient;;
ou;;
du;;
trfle;;
qui;;
"
";;
avait;;
6te;;
rentr6;;
bien;;
seo;;
;;
ou;;
du;;
regain;;
recolt6;;
aprs;;
"
";;
li;;
fuche;;
des;;
grands;;
foins;;
.;;
"
";;
lLa;PER;
mbre;PER;
Nannette;PER;
vendait;;
son;;
vin;;
et;;
ne;;
buvait;;
"
";;
que;;
sa;;
boisson;;
;;
;;
mais;;
;;
comme;;
l';;
argent;;
qu';;
ella;;
ti-;;
"
";;
rait;;
de;;
son;;
vin;;
suffisait;;
bien;;
juste;;
;;
aveo;;
oelui;;
de;;
"
";;
son;;
beurre;;
et;;
de;;
ses;;
fremages;;
;;
a;;
payer;;
l';;
imp6;;
t;;
et;;
"
";;
les;;
fagons;;
de;;
son;;
ehamp;;
et;;
de;;
savigne;;
;;
at;;
qu';;
il;;
lui;;
"
";;
fllait;;
oneore;;
se;;
procurer;;
quelque;;
argent;;
pour;;
son;;
"
";;
entretien;;
;;
elle;;
levait;;
des;;
oisons;;
quelle;;
achetait;;
"
";;
1;;
.;;
Hau;;
passee;;
sur;;
la;;
rpe;;
ou;;
lo;;
maro;;
de;;
la;;
vandlange.-RNANOE;;
DE;;
JRANNI;PER;
.;;
"
";;
au;;
sortir;;
de;;
Ia;;
eoquo;;
.;;
Elle;;
se;;
donnait;;
heaueoup;;
da;;
"
";;
mal;;
pour;;
uppter;;
ces;;
petites;;
htas;;
et;;
pour;;
les;;
"
";;
garantir;;
du;;
froid;;
pondant;;
la;;
nuit;;
.;;
Ses;;
voisines;;
"
";;
plumaient;;
leurs;;
oioes;;
quatre;;
fois;;
avant;;
de;;
les;;
ven-;;
"
";;
LL;;
"
";;
l;;
"
";;
II;;
"
";;
II;;
"
";;
I;;
"
";;
I;;
"
";;
IIF;;
"

";;
M;;
"
";;
ii;;
"

";;
I;;
"
";;
I;;
"

";;
II;;
"
";;
E;;
"
";;
E;;
"

";;
g;;
"

";;
Chamnnlhrs;;
de;;
ta;;
mn;;
Mamnnetta;PER;
"
";;
dre;;
;;
mais;;
la;PER;
mere;PER;
Nannette;PER;
disait;;
que;;
eetait;;
une;;
"
";;
mauvaise;;
m6thode;;
;;
paree;;
qu';;
ainsi;;
la;;
plume;;
n';;
a-;;
"
";;
vait;;
pas;;
le;;
temps;;
de;;
se;;
nourrir;;
;;
et;;
elle;;
ne;;
plumait;;
"
";;
les;;
siennes;;
que;;
trois;;
fois;;
;;
puis;;
elle;;
en;;
vendait;;
la;;
"
";;
moitie;;
pour;;
la;;
Toussaint;MISC;
et;;
l';;
antre;;
moiti6;;
a;;
Noel.rREMII;MISC;
PMRTIR;;
.;;
"
";;
Tout;;
cela;;
na;;
lui;;
ruapportuait;;
pus;;
une;;
grasse;;
aomma;;
;;
];;
"
";;
mais;;
elle;;
6tait;;
si;;
m6nagbre;;
qu';;
il;;
lui;;
restait;;
touours;;
];;
"
";;
un;;
peu;;
dargent;;
a;;
la;;
fin;;
de;;
lann6e;;
.;;
Pourtnt;;
ella;;
];;
"
";;
ne;;
so;;
nourrissait;;
pas;;
trop;;
mal;;
;;
diaant;;
quella;;
];;
"
";;
aimait;;
mieux;;
donner;;
au;;
bouher;;
uno;;
pibdeoe;;
de;;
];;
"
";;
oinquanta;;
entimes;;
toutaes;;
las;;
semaines;;
;;
que;;
vingt-;;
];;
"
";;
ein;;
franes;;
par;;
an;;
au;;
mdecin;;
et;;
au;;
pharmaeien;;
.;;
];;
"
";;
Cuthorine;PER;
et;;
eanne;PER;
.;;
"
";;
Un;;
mutin;;
;;
la;PER;
mbre;PER;
Nannette;PER;
;;
tricotant;;
devant;;
sa;;
];;
"
";;
porte;;
;;
vit;;
venir;;
h;;
lle;;
une;;
jeune;;
femme;;
qui;;
tenait;;
];;
"
";;
par;;
la;;
main;;
une;;
petite;;
flllo;;
de;;
sept;;
h;;
huit;;
ans;;
et;;
];;
"
";;
ui;;
lui;;
demanda;;
un;;
moreeau;;
de;;
puin;;
.;;
Comme;;
cette;;
];;
"
";;
femme;;
6tait;;
trs;;
-0;;
ple;;
et;;
avait;;
lair;;
malade;;
;;
Ia;PER;
mre;PER;
];PER;
"
";PER;
Nannette;PER;
l';;
emmena;;
dans;;
sa;;
maison;;
et;;
la;;
fit;;
asseoir;;
.;;
];;
"
";;
llo;;
ralluma;;
son;;
feu;;
;;
fit;;
r6chauffr;;
un;;
reste;;
de;;
];;
"
";;
soupo;;
quelle;;
avait;;
gard6;;
pour;;
son;;
repas;;
du;;
soir;;
et;;
];;
"
";;
le;;
donna;;
aux;;
deux;;
mendiantes;;
.;;
Lenfant;;
mangea;;
];;
"
";;
de;;
sihon;;
cur;;
;;
que;;
la;PER;
mbre;PER;
Nannette;PER;
vit;;
bien;;
que;;
];;
"
";;
cette;;
petite;;
fille;;
n';;
avait;;
pas;;
souvent;;
si;;
bonne;;
];;
"
";;
chance;;
.;;
Ensuite;;
elle;;
leur;;
versa;;
un;;
verre;;
de;;
boisson;;
];;
"
 ";;
cehaeune;;
;;
et;;
dit;;
a;;
la;;
pauvre;;
femme;;
:;;
"
";;
a;;
Mon;;
Dien;MISC;
1;;
il;;
faut;;
qu';;
il;;
vous;;
soit;;
arriv6;;
un;;
"
";;
bien;;
grand;;
malheur;;
;;
pourqu';;
une;;
femme;;
;;
aussi;;
jeune;;
];;
"
";;
que;;
vous;;
;;
ait;;
pu;;
se;;
deider;;
a;;
demander;;
son;;
pain;;
l;;
];;
"
";;
-0;;
Ohl;;
oui;;
;;
un;;
bien;;
grand;;
malheur;;
;;
ma;;
hbre;;
];;
"
";;
femme;;
.;;
Il;;
faut;;
se;;
trouver;;
depourvue;;
de;;
toute;;
res-;;
];;
"
";;
souree;;
pour;;
se;;
rsoudre;;
a;;
en;;
venir;;
lhi;;
.;;
J';;
ai;;
biaen;;
];;
"
";;
soufftert;;
de;;
la;;
faim;;
avant;;
de;;
pouvoir;;
me;;
decider;;
a;;
"
";;
ieudre;;
la;;
main;;
;;
je;;
ereis;;
que;;
je;;
ms;;
serais;;
plutdt;;
"
";;
Iaisse;;
mourir;;
;;
si;;
je;;
n';;
avais;;
la;;
erainte;;
de;;
Dieu;;
et]NFANGR;;
DR;;
JEANNE;PER;
;;
"
";;
si;;
jo;;
n';;
aimaia;;
tant;;
aett;;
pauvr;;
ianaeente;;
que;;
vaili;;
;;
"
";;
at;;
qui;;
serait;;
morte;;
aussi;;
.;;
Quand;;
il;;
mn;;
oote;;
.;;
"

";;
-0;;
"
";;
(;;
--;;
"
";;
---;;
.;;
"
";;
z;;
;;
"
";;
.;;
"
";;
Wl;;
"
";;
.ei;;
"
";;
E;;
"
";;
--;;
.;;
"
";;
L;;
"
";;
-0;;
"
";;
:;;
:;;
"
";;
-F;;
"

";;
g;;
"
";;
t;;
;;
"
";;
:;;
i;;
"
";;
kI;;
"

";;
a;;
"

";;
`;;
"

";;
.;;
"
";;
u.;;
"
";;
5V;;
"
";;
LiI;;
"

";;
:;;
"
";;
ZAY;;
"
";;
:;;
"
";;
il;;
"
";;
HI;;
"
";;
IE;;
"
";;
.;;
"
";;
.;;
"
";;
L;;
"
";;
-0;;
"
";;
=;;
..;;
"
";;
H;;
"

";;
.Eee-;;
"

";;
I;;
"
";;
H;;
"
";;
E;;
"

";;
E;;
"
";;
EER;;
"




";;
g;;
"

";;
R;;
"
";;
atherine;PER;
at;;
eame;PER;
.;;
"
";;
trop;;
pour;;
aller;;
demander;;
;;
je;;
la;;
regarde;;
et;;
je;;
re-;;
"
";;
prends;;
eourage;;
.;;
C';;
est;;
bien;;
triste;;
;;
alles;;
;;
ma;;
chre;;
"
";;
femme;;
;;
quand;;
on;;
a;;
du;;
ceur;;
;;
de;;
vivre;;
en;;
nePMIR;;
PARTIR;;
.;;
"
";;
fisant;;
rin;;
;;
aux;;
d6pana;;
da;;
ux;;
qui;;
truavaillentl;;
"
";;
mais;;
];;
e;;
n;;
pux;;
mpus;;
ifire;;
uutramnt;;
.;;
"
";;
-0;;
Pourquaoi;;
dana;;
?;;
dit;;
la;PER;
mbre;PER;
Nannatte;PER;
.;;
Cun-;;
"
";;
t;;
-0;;
mOi;;
g.;;
n;;
"
";;
la;;
puuvra;;
famma;;
dit;;
a;;
la;PER;
mra;PER;
Nunnatta;PER;
:;;
"
 ";;
le;;
suis;;
du;;
villag;;
qui;;
est;;
auprbs;;
du;;
Cher;LOC;loc.adm.reg
;;
h;;
"
";;
wias;;
lieuss;;
d';;
iei;;
.;;
Il;;
y;;
a;;
deux;;
mois;;
;;
joi;;
pertu;;
"
";;
mno;;
mari;;
i;;
la;;
suita;;
duna;;
groso;;
mualadia;;
qui;;
l';;
n;;
"
";;
retenu;;
au;;
lit;;
penlant;;
bion;;
longtmps;;
.;;
I';;
ai;;
vandu;;
"
";;
tout;;
co;;
quo;;
vais;;
afin;;
do;;
pouvoir;;
lo;;
soigner;;
.;;
"
";;
uand;;
il;;
ny;;
a;;
plus;;
rion;;
u;;
ala;LOC;
muison;LOC;
qua;;
lo;;
lit;;
"
";;
sur;;
laquel;;
il;;
6tait;;
eoueh6;;
;;
il;;
a;;
bin;;
fallu;;
s';;
andettor;;
.;;
"
";;
Apres;;
su;;
mort;;
;;
on;;
a;;
vendu;;
la;;
maison;;
;;
lo;;
jardin;;
;;
"
";;
la;;
chbnevibre;LOC;loc.phys.geo
;;
onfin;;
tout;;
;;
pour;;
payer;;
le;;
decin;;
"
";;
et;;
les;;
autres;;
;;
et;;
je;;
ne;;
sais;;
plus;;
oi;;
me;;
retirer;;
;;
On;;
"
";;
no;;
veut;;
pas;;
me;;
louer;;
;;
meme;;
une;;
petite;;
chambre;;
;;
"
";;
psree;;
que;;
je;;
n';;
ai;;
pas;;
de;;
mobilier;;
pour;;
repondro;;
"
";;
du;;
loyer;;
.;;
Je;;
couehe;;
avee;;
ma;;
petite;;
lehnno;PER;
dans;;
les;;
"
";;
granges;;
;;
quand;;
on;;
veut;;
bien;;
m';;
y;;
souffrir;;
;;
ou;;
bion;;
"
";;
sur;;
les;;
tas;;
de;;
ehaume;;
.;;
C';;
est;;
bon;;
 ;;
prsent;;
qu';;
il;;
"
";;
fait;;
chaud;;
;;
mais;;
plus;;
tard;;
;;
eomment;;
faire;;
aves;;
"
";;
ett;;
nfnt;;
;;
mei;;
 ;;
i;;
ses;;
medesins;;
ont;;
d6fendu;;
"
";;
de;;
sortir;;
pendant;;
tout;;
l';;
hiver?s;MISC;
"
";;
Et;;
la;;
pauvre;;
malheureus;;
se;;
mit;;
 ;;
pleurer;;
.;;
Sa;;
"
";;
petite;;
fille;;
pleura;;
aussi;;
en;;
lembrassant;;
.;;
Elle;;
avait;;
"
";;
l';;
air;;
si;;
doux;;
et;;
si;;
aimable;;
;;
cette;;
petite;;
;;
que;;
la;PER;
"
";PER;
mre;PER;
Nannette;PER;
sentit;;
fondre;;
son;;
ceur;;
en;;
pensant;;
"
 ";;
la;;
misbre;;
qu';;
elle;;
ondurerait;;
quand;;
l';;
hiver;;
serait;;
];;
"
";;
venu;;
.;;
Aussitdt;;
il;;
lui;;
vint;;
dans;;
lid6a;;
de;;
faire;;
une;;
];;
"
";;
honne;;
action;;
.;;
MNANY;;
D;;
JRANNR;PER;
.;;
"
";;
a;PER;
mro;PER;
annette;PER;
donno;;
asllo;;
a;;
atherino;PER;
.;;
"
";;
a;;
Commant;;
vous;;
uppele;;
-0;;
vaoua;;
dona;;
t;;
demandu;;
"
";;
ln;PER;
mra;PER;
Nannaetto;PER;
.;;
"
";;
-0;;
On;;
m';;
apalla;;
Cathrine;PER;
Iblano;;
.;;
"
";;
-0;;
h;;
bionl;;
Ctharino;PER;
;;
];;
;;
ai;;
lh;;
un;;
vieux;;
lit;;
;;
una;;
"
";;
puillasse;;
at;;
une;;
oouverture;;
;;
si;;
vots;;
voule;;
rester;;
"
";;
lei;;
;;
ja;;
vous;;
logerai;;
da;;
bion;;
hon;;
eur;;
oet;;
jae;;
vous;;
"
";;
asoiguerai;;
do;;
man;;
mieux;;
;;
ainsi;;
quo;;
votre;;
petite;;
;;
"
";;
i';;
aime;;
heaueoup;;
les;;
enfants;;
;;
j';;
en;;
ai;;
eu;;
quuatre;;
;;
"
";;
que;;
lo;;
hon;;
bDieu;MISC;
m';;
a;;
retir6s;;
;;
et;;
je;;
suis;;
bien;;
seule;;
"
";;
u;;
mnonde;;
.;;
"
";;
-0;;
Grund;;
meroil;;
ma;;
brave;;
fomme;;
;;
vous;;
me;;
"
";;
rendrez;;
l;;
un;;
service;;
qui;;
nous;;
suuvera;;
lu;;
vie;;
i;;
moi;;
"
";;
et;;
u;;
mon;;
enfant;;
.;;
;;
ai;;
encore;;
mon;;
lit;;
;;
svee;;
un;;
"
";;
eoffre;;
et;;
une;;
petite;;
chaise;;
.;;
Muttre;PER;
Guillaume;PER;
;;
le;;
"
";;
eousin;;
de;;
feu;;
mon;;
pauvre;;
homme;;
;;
me;;
les;;
garde;;
"
";;
tluns;;
sa;;
grange;;
;;
il;;
me;;
les;;
apportera;;
bien;;
diman-;;
"
";;
che;;
.;;
Si;;
vous;;
me;;
logez;;
avee;;
mon;;
ch6tif;;
mobilier;;
;;
je;;
"
";;
vous;;
donnerai;;
les;;
sous;;
que;;
je;;
ramasserai;;
en;;
allant;;
"
";;
aux;;
portes;;
.;;
"
";;
-0;;
Je;;
ne;;
vous;;
demande;;
rien;;
;;
Catherine;PER;
;;
j';;
aime;;
"
";;
dj;;
votre;;
petite;;
Jeanne;PER;
et;;
j';;
en;;
aurai;;
bien;;
soin;;
.;;
"
";;
Dieu;;
veut;;
que;;
nous;;
fassions;;
aux;;
autres;;
ce;;
que;;
"
";;
nous;;
voudrions;;
que;;
les;;
autres;;
fissent;;
pour;;
nous;;
;;
"
";;
et;;
si;;
j6tais;;
dans;;
votre;;
position;;
;;
jo;;
serais;;
bien;;
"
";;
heureuse;;
de;;
trouver;;
quelqu';;
un;;
qui;;
voult;;
me;;
re-;;
"
";;
cevoir;;
dans;;
sa;;
maison;;
.;;
"
";;
;;
;;
Peeeeeeea;;
"
";;
a;;
Mamanl;;
il;;
ne;;
faut;;
plus;;
pleurer;;
;;
n;;
lui;;
dit;;
-0;;
elle;;
.;;
MIR;;
PARTIR;;
.;;
"
";;
Puis;;
;;
sa;;
tournant;;
du;;
ohta;;
da;;
la;PER;
mra;PER;
Nanntte;PER;
;;
"
";;
olla;;
dit;;
an;;
huiaasunt;;
la;;
tta;;
:;;
"
";;
a;;
lo;;
vudrais;;
hian;;
vous;;
amhrasser;;
atussi;;
;;
"
";;
In;PER;
mbra;PER;
Nannaetta;PER;
la;;
prit;;
sur;;
ses;;
genoux;;
at;;
l';;
am-;;
"
";;
bruasu;;
de;;
bon;;
eur;;
.;;
"
";;
atherina;PER;
at;;
Jaanne;PER;
trouvant;;
un;;
raeelet;;
.;;
"
";;
Aprbs;;
qua;;
lu;;
mbre;;
et;;
la;;
fllla;;
asa;;
furont;;
rensies;;
;;
"
";;
elles;;
so;;
rmnirut;;
an;;
chomin;;
pour;;
llr;;
eherehe;;
"
";;
leur;;
puin;;
dunas;;
la;;
campugne;;
;;
en;;
diant;;
qu';;
olla;;
"
";;
reviondraiant;;
lo;;
soir;;
.;;
Commo;;
on;;
tuit;;
dans;;
lu;;
asui-;;
"
";;
son;;
des;;
prune;;
aet;;
des;;
groseilles;;
;;
la;PER;
mire;PER;
Nannetta;PER;
"
";;
an;;
alla;;
eueillir;;
au;;
iardin;;
oet;;
les;;
mit;;
dans;;
le;;
bissue;;
"
";;
lo;;
leann;PER;
;;
pour;;
quelle;;
pt;;
se;;
rafralehir;;
quand;;
"
";;
olle;;
aurait;;
trop;;
eluul;;
.;;
"
";;
Comme;;
ellos;;
truaversuaient;;
la;;
grande;;
route;;
pour;;
"
";;
revenir;;
chez;;
la;PER;
mere;PER;
Nannette;PER;
;;
apres;;
avoir;;
achev;;
"
";;
leur;;
tournee;;
;;
la;PER;
petite;PER;
Jeanne;PER;
vit;;
briller;;
un;;
objet;;
"
";;
au;;
soleil;;
;;
elle;;
courut;;
le;;
ruamasser;;
et;;
lapportau;;
"
";;
joyeusement;;
a;;
sa;;
mere;;
.;;
"
";;
a;;
Voyez;;
done;;
;;
maman;;
;;
le;;
joli;;
eollier;;
que;;
jai;;
"
";;
trouv6;;
;;
je;;
le;;
mettrai;;
dimanche;;
 ;;
mon;;
cou;;
"
";;
-0;;
Ma;;
fille;;
;;
ceei;;
est;;
un;;
bijou;;
qui;;
se;;
;;
porte;;
au-;;
"
";;
tour;;
du;;
bras;;
et;;
quon;;
appelle;;
braeelet;;
.;;
Il;;
n';;
est;;
pas;;
"
";;
A;;
nous;;
;;
et;;
nous;;
ne;;
pouvons;;
pas;;
le;;
garder;;
.;;
"
";;
-0;;
Pourquoi;;
donc;;
;;
maman;;
?;;
Puisque;;
je;;
l';;
ai;;
"
";;
trouve;;
;;
cest;;
bien;;
a;;
nous;;
.;;
"
";;
-0;;
Non;;
;;
ma;;
fille;;
;;
ee;;
quon;;
trouve;;
ne;;
nous;;
ap-;;
"
";;
partient;;
pas;;
;;
il;;
y;;
a;;
toujours;;
quelq';;
un;;
qui;;
l';;
a;;
"
";;
perdu;;
.;;
"
";;
-0;;
Mais;;
;;
maman;;
;;
si;;
personne;;
ne;;
l';;
a;;
perdu?HNANC;;
D;;
JANNIH;PER;
.;;
"
";;
-0;;
Ce;;
n';;
aast;;
pus;;
assihlo;;
;;
mon;;
anfant;;
:;;
les;;
biioux;;
"
";;
n;;
pouasont;;
pas;;
mma;;
l';;
erha;;
duns;;
les;;
ohumps;;
.;;
"
";;
---;;
Et;;
ai;;
perasann;;
n;;
la;;
ralemandaf;;
"
";;
-0;;
Cn;;
ne;;
doit;;
pas;;
nous;;
empesher;;
da;;
sherher;;
"
";;
qui;;
ae;;
braaelet;;
put;;
appartanir;;
;;
nous;;
nous;;
en;;
in-;;
"
";;
formerans;;
dans;;
tout;;
la;;
pays;;
.;;
"
";;
--;;
KEt;;
s';;
il;;
n';;
aest;;
 ;;
orsonnel;;
"
";;
--;;
Eh;;
bian;;
;;
nus;;
la;;
garlerons;;
soigneuaseent;;
;;
"
";;
at;;
l';;
an;;
finira;;
par;;
vnie;;
la;;
reluamer;;
.;;
s;;
"
";;
leunne;PER;
n;;
paruaissunt;;
pus;;
trbhs;;
-0;;
uontento;;
;;
asa;;
mbra;;
"
";;
Iui;;
dit;;
:;;
a;;
lcoute;;
-moi;;
;;
ma;;
eunna;;
:;;
si;;
tu;;
avais;;
"
";;
erdu;;
ton;;
bissue;;
en;;
chin;;
;;
ne;;
seruaistu;;
pas;;
con-;;
"
";;
tente;;
qu';;
on;;
to;;
le;;
rendtt;;
"
";;
-0;;
Oui;;
;;
mumnan;;
;;
cnr;;
il;;
mest;;
bion;;
utile;;
pour;;
"
";;
mettre;;
le;;
pain;;
qu';;
on;;
me;;
donne;;
.;;
"
";;
-0;;
Eh;;
binl;;
la;;
dume;;
qui;;
a;;
perdu;;
ce;;
joyau;;
on;;
"
";;
est;;
en;;
peine;;
;;
elle;;
le;;
regrette;;
comme;;
tu;;
regretterais;;
"
";;
ton;;
bissao;;
;;
Des;;
que;;
nous;;
suurons;;
oi;;
elle;;
demeue;;
;;
"
";;
nous;;
le;;
lui;;
reporterons;;
.;;
n;;
"
";;
Quand;;
elles;;
furent;;
rentr6es;;
chez;;
la;PER;
mbre;PER;
Nan-;PER;
"
";PER;
nette;PER;
;;
elles;;
lui;;
montrberent;;
ce;;
qu';;
elles;;
avaient;;
"
";;
trouv6;;
et;;
lui;;
demanderent;;
si;;
elle;;
savait;;
qui;;
pou-;;
"
";;
vait;;
aoir;;
perdu;;
un;;
si;;
beau;;
bijou;;
.;;
"
";;
a;;
Ce;;
ne;;
peut;;
etre;;
que;;
Mme;PER;
Dumont;PER;
;;
il;;
ny;;
a;;
"
";;
qu';;
elle;;
dans;;
le;;
pays;;
ui;;
porte;;
des;;
ehoses;;
pareilles;;
.;;
"
";;
Elle;;
demeure;;
dans;;
le;;
voisinage;;
;;
derrire;;
les;;
beaux;;
"
";;
arbres;;
que;;
l';;
on;;
voit;;
d';;
ici;;
.;;
Il;;
faut;;
aller;;
le;;
lui;;
repor-;;
"
";;
ter;;
tout;;
de;;
suite;;
;;
si;;
vous;;
n';;
etes;;
point;;
trop;;
lasses;;
;;
"
";;
je;;
suis;;
sre;;
quelle;;
en;;
est;;
fort;;
inquite;;
.;;
"
";;
-0;;
le;;
suis;;
trop;;
fatiguee;;
pour;;
mareher;;
eneore;;
;;
"
";;
mais;;
demain;;
matin;;
jirai;;
cehez;;
cette;;
dame;;
avec;;
"
";;
Jeanne;PER;
;;
et;;
je;;
lui;;
rendrai;;
ce;;
qui;;
est;;
 ;;
elle;;
.;;
CommePRRMIRR;;
PARTIR;;
.;;
"
";;
on;;
nus;;
a;;
haeuueup;;
donne;;
aujourd'hui;;
ot;;
que;;
je;;
"
";;
auis;;
trs;;
-0;;
lusse;;
;;
ja;;
me;;
rpaserai;;
deomain;;
tout;;
la;;
"
";;
joura;;
;;
pour;;
aoir;;
ha;;
frso;;
daller;;
smei;;
dans;;
"
";;
notra;;
villag;;
;;
prisr;;
mattra;PER;
Guillaumo;PER;
de;;
m';;
appor-;;
"
";;
ter;;
mon;;
lit;;
.;;
n;;
"
";;
(;;
atharine;PER;
et;;
ea;;
flle;;
regertent;;
l;;
hraselst;;
.;;
"
";;
Ls;;
lndemain;;
matin;;
;;
Cutherino;PER;
mpeign;;
les;;
"
";;
grands;;
cheveux;;
noirs;;
d;;
sn;;
petit;;
fillo;;
avese;;
oneore;;
"
";;
plus;;
de;;
asoin;;
qui;;
ordinaire;;
;;
oll;;
lui;;
lava;;
le;;
vi-;;
"
";;
aage;;
at;;
les;;
mains;;
;;
l';;
habilla;;
le;;
plus;;
propement;;
"
";;
quolle;;
lo;;
put;;
;;
et;;
olles;;
partirent;;
pour;;
aller;;
ches;;
"
";;
Mc;PER;
Dumont;PER;
.;;
"
";;
ElIea;;
arrivbrent;;
devant;;
une;;
grill;;
qui;;
servait;;
ds;;
"
";;
porte;;
i;;
un;;
beau;;
jardin;;
;;
mais;;
;;
commo;;
il;;
ny;;
avait;;
];;
"
";;
personne;;
;;
Cutherine;PER;
suivit;;
le;;
mur;;
et;;
vit;;
unegrande;;
"
";;
c;;
:;;
z;;
:;;
:;;
:;;
:;;
"
";;
ceau;;
de;;
pain;;
et;;
deux;;
sous;;
.;;
"
 ";;
arei;;
;;
mdemoisells;;
;;
dit;;
Ctherin;PER;
;;
meis;;
je;;
"
";;
voudrais;;
parler;;
h;;
votre;;
dame;;
.;;
"
";;
LL;;
 ;;
auwre;;
temme;;
;;
on;;
ne;;
peut;;
gee;;
ls;;
voir;;
"
 ";;
cette;;
heure;;
-0;;
ci;;
.;;
"
";;
-0;;
Eh;;
bien;;
l;;
voulea;;
-vous;;
lui;;
demander;;
si;;
c';;
est;;
"
";;
elle;;
qui;;
a;;
perdu;;
ce;;
que;;
j';;
ai;;
trouv6;;
hier;;
sur;;
la;;
"
";;
grande;;
route;;
 ;;
sn;;
"
";;
Et;;
elle;;
montra;;
le;;
bijou;;
;;
qu';;
elle;;
avait;;
enveloppe;;
"
";;
d';;
un;;
chiffon;;
bien;;
blane;;
.;;
"
";;
a;;
Justement;;
l;;
e';;
est;;
le;;
bracelet;;
que;;
madame;;
a;;
"
";;
perdu;;
hier;;
en;;
se;;
promenant;;
avee;;
les;;
anfhntsl;;
lle;;
"
";;
va;;
8tre;;
bien;;
contente;;
de;;
le;;
retrouver;;
;;
oar;;
nousMAMCG;;
D;;
JRANN;PER;
.;;
"
";;
l';;
avons;;
eherh6;;
jusqu';;
h;;
la;;
nuit;;
.;;
Ie;;
vais;;
la;;
lui;;
por-;;
"
";;
tor;;
:;;
an;;
attendant;;
;;
ma;;
brave;;
fmme;;
;;
aayea;;
-0;;
voua;;
"
";;
asur;;
le;;
hana;;
.;;
Patito;;
;;
vions;;
avaa;;
moi;;
;;
tu;;
rendras;;
"
";;
toi;;
-0;;
mme;;
le;;
braselaet;;
a;;
madame;;
.;;
"
";;
Ia;PER;
patit;PER;
Ieanne;PER;
regarda;;
asa;;
mbre;;
;;
qui;;
lui;;
dit;;
:;;
"
";;
a;;
VWa;;
;;
ma;;
flllo;;
;;
at;;
sois;;
bion;;
honnt;;
.;;
n;;
"
";;
Mailamo;PER;
umont;PER;
.;;
"
";;
Ia;;
servanto;;
prit;;
launne;PER;
pur;;
la;;
main;;
et;;
la;;
fit;;
en-;;
"
";;
trer;;
dans;;
Ia;;
maison;;
.;;
Elles;;
montbrent;;
un;;
grand;;
"
";;
esealier;;
et;;
traversbrent;;
une;;
chambre;;
ploine;;
da;;
"
";;
beuaux;;
meuhles;;
.;;
lennne;PER;
ouvrait;;
do;;
gcands;;
yeux;;
;;
cur;;
"
";;
olle;;
n';;
avait;;
jamais;;
rian;;
vu;;
de;;
semblable;;
.;;
Elles;;
en-;;
"
";;
trbrent;;
duns;;
une;;
autre;;
humbre;;
ou;;
il;;
y;;
avait;;
deux;;
"
";;
lits;;
tout;;
blanos;;
.;;
Mme;PER;
Dumont;PER;
6tait;;
occupee;;
 ;;
pei-;;
"
";;
gner;;
les;;
cheveux;;
blonds;;
d';;
une;;
petite;;
demoisello;;
"
";;
qui;;
6tait;;
de;;
lge;;
de;;
Jeanne;PER;
;;
et;;
qui;;
se;;
mit;;
i;;
diro;;
:;;
"
";;
a;;
Ahl;;
maman;;
;;
la;;
jolie;;
ptite;;
fille;;
;;
voyez;;
doneln;;
"
";;
Mme;PER;
Dumont;PER;
leva;;
les;;
yeux;;
;;
et;;
sa;;
servante;;
lui;;
"
";;
dit;;
:;;
"
";;
a;;
Cstte;;
enfant;;
a;;
trouv6;;
le;;
bracelet;;
de;;
ma-;;
"
";;
dame;;
et;;
vient;;
le;;
lui;;
rapporter;;
.;;
Allons;;
;;
petite;;
;;
"
";;
avanee;;
done;;
;;
madame;;
est;;
bien;;
bonne;;
;;
n;;
aie;;
pas;;
"
";;
peurl;;
w;;
"
";;
.;;
eanne;PER;
se;;
laissa;;
mener;;
par;;
la;;
servante;;
en;;
tenant;;
"
";;
la;;
tte;;
haissee;;
et;;
sans;;
oser;;
seulement;;
lever;;
les;;
"
";;
yeux;;
.;;
"
";;
ILa;;
dame;;
lui;;
dit;;
:;;
"
";;
e;;
Tu;;
ne;;
sais;;
pas;;
tout;;
le;;
plaisir;;
que;;
tu;;
me;;
fais;;
;;
"
";;
mon;;
enfant;;
;;
en;;
me;;
rapportant;;
ee;;
bracelet;;
.;;
Qui;;
"
";;
es;;
-0;;
tu;;
donc;;
 ;;
sPnEMIRRR;;
ARTIR;;
.;;
"
";;
Comma;;
laeunno;PER;
ne;;
diauit;;
rin;;
;;
lu;;
aarvante;;
r6pan-;;
"
";;
dit;;
pour;;
lle;;
"
";;
Mndame;;
;;
sa;;
mr;;
eat;;
an;;
has;;
 ;;
la;;
porto;;
;;
o';;
ost;;
"
";;
une;;
puuvr;;
fno;;
qui;;
domuando;;
sen;;
pi;;
"
";;
-0;;
Js;;
daaaendruai;;
la;;
voir;;
aussitt;;
que;;
jaurai;;
re-;;
"
";;
lav6;;
les;;
chavaux;;
d';;
Isaure;PER;
.;;
"
";;
--;;
Madalains;PER;
;;
s';;
oria;;
Ia;;
ptit;;
demisells;;
"
";;
blnds;;
;;
jespo;;
qu;;
tn;;
no;;
dires;;
plwe;;
que;;
le;;
"
";;
endrli;;
ost;;
un;;
jour;;
ds;;
malheur;;
:;;
tu;;
vois;;
bien;;
"
";;
que;;
lon;;
peut;;
tro;;
heuroux;;
ca;;
jourl;;
tout;;
eommo;;
"
";;
tin;;
uutro;;
.;;
"
";;
-0;;
Et;;
e;;
n;;
eux;;
p;;
quil;;
ny;;
it;;
d;;
honheus;;
"
";;
que;;
pour;;
moi;;
aujourd'hui;;
;;
ajouta;;
Mmo;PER;
Dumont;PER;
;;
"
";;
cstto;;
pauvrs;;
femme;;
sea;;
bien;;
resompenee-;;
"
";;
Mmie;PER;
Dumont;PER;
descendit;;
ualors;;
;;
suivie;;
d';;
Isaure;PER;
et;;
"
";;
do;;
la;;
servante;;
;;
qui;;
tenait;;
toujours;;
Janne;PER;
pas;;
la;;
"
";;
main;;
.;;
Quand;;
llo;;
fut;;
urriveo;;
au;;
bas;;
de;;
l';;
esealier;;
;;
"
";;
ll;;
appela;;
Catherine;PER;
;;
et;;
;;
la;;
voyant;;
si;;
ple;;
;;
ell;;
l;;
"
";;
fit;;
asseoir;;
.;;
"
";;
a;;
O;;
avez;;
-vous;;
done;;
trouv6;;
mon;;
braeelet;;
?;;
"
";;
-0;;
Madame;;
;;
e';;
est;;
Jeane;PER;
;;
ma;;
petite;;
fille;;
;;
qui;;
la;;
"
";;
vu;;
reluire;;
au;;
soleil;;
et;;
qui;;
l';;
a;;
ruamass6;;
au;;
hord;;
du;;
"
";;
foss8;;
sur;;
la;;
route;;
"
";;
i;;
;;
a;;
narco;;
do;;
o;;
rairee;;
"
";;
voici;;
quinze;;
franes;;
pour;;
vous;;
reeompenser;;
de;;
"
";;
votre;;
probit6;;
.;;
"
  ";;
rei;;
;;
madams;;
:;;
i;;
nai;;
fit;;
qe;;
mss;;
];;
"
";;
deoir;;
en;;
vous;;
rendant;;
ee;;
qui;;
vous;;
appartient;;
;;
je;;
];;
"
";;
ne;;
dois;;
pas;;
en;;
etre;;
recompensee;;
.;;
"
";;
GiaaeeeI;;
"
";;
plaisir;;
;;
je;;
veux;;
vous;;
en;;
faire;;
un;;
aussi;;
:;;
prene;;
];;
"
";;
done;;
cet;;
argent;;
.;;
NFaN;;
B;;
JIEANNR;PER;
.;;
"
";;
-0;;
Que;;
ieu;;
vous;;
banisso;;
;;
mndme;;
;;
ur;;
lo;;
"
";;
bion;;
que;;
vous;;
ma;;
faitssl;;
"
";;
-0;;
Mais;;
;;
ditaa;;
-moi;;
:;;
il;;
me;;
aembl;;
que;;
je;;
ne;;
vous;;
"
";;
i;;
jamuis;;
vu;;
dans;;
ee;;
pya;;
-0;;
eit;;
Pourquoi;;
mndioa-;;
"
";;
vous;;
done;;
;;
6tant;;
oncuro;;
dans;;
la;;
farae;;
do;;
l';;
gaf;;
"
";;
-0;;
Cest;;
que;;
;;
maduame;;
;;
jy;;
suias;;
tore6a;;
pur;;
mu;;
"
";;
grande;;
misbra;;
.;;
n;;
"
";;
Alors;;
elle;;
raeonta;;
son;;
mulheur;;
et;;
la;;
charit6;;
da;;
"
";;
lua;PER;
mbre;PER;
Nunnetta;PER;
.;;
"
";;
a;;
Ctherine;PER;
;;
vous;;
envarrez;;
volr;;
patits;;
flllo;;
iei;;
"
";;
tous;;
les;;
vendredis;;
;;
et;;
j;;
lui;;
donnerai;;
une;;
pice;;
du;;
"
";;
inquunte;;
centimes;;
.;;
"
";;
--;;
(;;
Que;;
Dieu;;
vous;;
recompense;;
;;
madamel;;
n;;
"
";;
KEt;;
Catherine;PER;
;;
ayat;;
prias;;
aa;;
fille;;
par;;
la;;
main;;
;;
"
";;
sortit;;
pour;;
retourner;;
chez;;
la;PER;
mbre;PER;
Nannette;PER;
.;;
"
";;
En;;
entrant;;
;;
elle;;
lui;;
presenta;;
les;;
trois;;
piess;;
de;;
"
";;
oinq;;
franes;;
quon;;
lui;;
wvait;;
donnes;;
:;;
"
";;
s;;
Prene;;
-0;;
les;;
;;
mre;PER;
Nannette;PER;
;;
ga;;
vous;;
ddomma-;;
"
";;
gera;;
un;;
peu;;
;;
car;;
il;;
nest;;
pas;;
juste;;
que;;
vous;;
me;;
lo-;;
"
";;
giez;;
poeur;;
rien;;
si;;
je;;
puis;;
vous;;
donner;;
quelque;;
chose;;
.;;
"
";;
-0;;
Vous;;
savez;;
bien;;
;;
Catherine;PER;
;;
que;;
je;;
ne;;
veux;;
"
";;
rien;;
aeeepter;;
pour;;
cela;;
;;
ce;;
n';;
est;;
pas;;
une;;
grande;;
"
";;
gene;;
pour;;
moi;;
de;;
vous;;
avoir;;
dans;;
ma;;
maison;;
;;
qui;;
"
";;
eut;;
nous;;
loger;;
toutes;;
les;;
deux;;
;;
mon;;
feu;;
peut;;
"
";;
faire;;
bouillir;;
votre;;
pot;;
en;;
meme;;
temps;;
que;;
le;;
mien;;
.;;
"
";;
Mais;;
donnez;;
-moi;;
votre;;
argent;;
;;
je;;
vous;;
le;;
garderai;;
"
";;
pour;;
acheter;;
ce;;
qui;;
vous;;
sera;;
necessaire;;
.;;
"
";;
Gatharine;PER;
va;;
dans;;
san;;
viilage;;
.;;
"
";;
Apres;;
setre;;
reposee;;
tout;;
le;;
reste;;
de;;
la;;
journ6e;;
;;
"
";;
Catherine;PER;
se;;
soucha;;
de;;
bonne;;
heure;;
.;;
Le;;
lende;;
-0;;
RMIRn;;
PARIIR;;
.;;
"
";;
muin;;
lla;;
avella;;
laeanna;PER;
de;;
han;;
matn;;
;;
elle;;
l';;
ha-;;
"
";;
hilla;;
at;;
lui;;
luva;;
lea;;
mains;;
et;;
lo;;
visag;;
;;
puis;;
;;
aprbs;;
"
";;
lui;;
avoir;;
fait;;
fira;;
sa;;
pribra;;
;;
ella;;
lui;;
dit;;
:;;
"
";;
a;;
Ma;;
fllle;;
;;
il;;
faut;;
qu;;
j';;
aille;;
a;;
notre;;
villago;;
pour;;
"
";;
prier;;
maltre;PER;
Guillaume;PER;
da;;
muamenaer;;
isi;;
notra;;
"
";;
pauvre;;
mobilier;;
.;;
le;;
ne;;
peux;;
pa;;
tammaner;;
;;
tu;;
es;;
"
";;
trop;;
potit;;
pour;;
fire;;
tnt;;
da;;
chemin;;
;;
tu;;
no;;
mar-;;
"
";;
horuais;;
pns;;
ponduanl;;
trois;;
lieues;;
de;;
suite;;
.;;
Si;;
la;PER;
"
";;
mre;PER;
Nunnette;PER;
;;
qui;;
ost;;
une;;
brave;;
femme;;
;;
veut;;
"
";;
bian;;
ta;;
garder;;
aee;;
ello;;
pendant;;
ce;;
tmps;;
-0;;
lh;;
;;
jirai;;
"
";;
trouver;;
mattr;PER;
Guillaume;PER;
;;
ot;;
tu;;
mattandras;;
ioi;;
;;
"
";;
jae;;
oouchorai;;
dans;;
aa;;
grunge;;
;;
et;;
demain;;
de;;
honno;;
"
";;
heura;;
je;;
serai;;
de;;
retour;;
.;;
"
";;
i;;
id;;
innno;;
ilun;;
n;;
wss;;
:;;
pei;;
e;;
"
";;
olle;;
eut;;
consid6r6;;
la;;
bonne;;
flgure;;
de;;
la;PER;
mbere;PER;
Nan-;PER;
"
";;
nette;PER;
;;
elle;;
dit;;
qu';;
elle;;
voulait;;
bien;;
rester;;
;;
Cathe-;PER;
];PER;
"
";PER;
rine;PER;
partit;;
;;
et;;
euanne;PER;
;;
sappreehant;;
tout;;
douee-;;
];;
"
";;
ment;;
de;;
la;PER;
mre;PER;
Nannette;PER;
;;
lui;;
dit;;
:;;
"
 ";;
vules;;
-0;;
ous;;
memmener;;
aux;;
champs;;
aee;;
];;
"
";;
vous;;
 ;;
je;;
garderai;;
bien;;
les;;
oisons;;
.;;
"
";;
-0i;;
;;
ma;;
Jeanne;PER;
;;
je;;
ne;;
demande;;
pas;;
mieux;;
.;;
"
";;
Aprs;;
lavoir;;
fait;;
d6jeuner;;
aee;;
elle;;
;;
la;PER;
mere;PER;
];PER;
"
";PER;
Nannette;PER;
amena;;
les;;
oisons;;
sous;;
le;;
noyer;;
;;
et;;
leanne;PER;
];;
"
";;
lesgarda;;
pendant;;
que;;
la;;
vieille;;
femms;;
d6taehaitea;;
];;
"
";;
vaehe;;
et;;
sa;;
ehbvre;;
.;;
Cette;;
petite;;
sentendait;;
si;;
bienh;PER;
];;
"
";;
conduire;;
les;;
oies;;
et;;
i;;
les;;
empecher;;
de;;
faire;;
du;;
dom-;;
];;
"
";;
mage;;
;;
que;;
la;PER;
mre;PER;
Nainnette;PER;
en;;
6tait;;
tout;;
etonnea;;
.;;
];;
"
";;
ers;;
les;;
dix;;
heures;;
;;
comme;;
il;;
eommengait;;
h;;
];;
"
";;
faire;;
chaud;;
;;
elles;;
firent;;
rentrer;;
les;;
betes;;
;;
qui;;
ne;;
];;
"
";;
voulaient;;
plns;;
manger;;
dehors;;
;;
paree;;
qu';;
elles;;
];;
"
";;
6taient;;
tourmentees;;
par;;
les;;
mouches;;
.;;
Jeanne;PER;
vou-;;
];;
"
";;
lut;;
-0;;
ensuite;;
aller;;
a;;
l';;
herhe;;
;;
elle;;
en;;
ramassa;;
un;;
bon]NANG;;
D;;
JANNH;PER;
.;;
"
";;
petit;;
puaquet;;
qu';;
ellae;;
lia;;
dans;;
sun;;
tablier;;
;;
et;;
olla;;
la;;
"
";;
pst;;
su;;
sa;;
tte;;
an;;
l;;
maintanant;;
avea;;
80s;;
deux;;
"
";;
petites;;
mains;;
;;
pour;;
le;;
raporter;;
a;;
la;;
maisn;;
.;;
ILa;PER;
"
";;
mbre;PER;
Nannetta;PER;
lui;;
donnu;;
des;;
prunes;;
pour;;
ason;;
gou-;;
"
";;
ter;;
;;
et;;
;;
quand;;
la;;
haleur;;
fut;;
tomhee;;
;;
alles;;
flrant;;
"
";;
sortir;;
oneore;;
les;;
hestiaux;;
;;
et;;
ne;;
les;;
ramanbrent;;
"
";;
qu';;
i;;
la;;
brune;;
;;
en;;
puaasuant;;
puar;;
l';;
abrauvoir;;
.;;
On;;
leur;;
"
";;
donna;;
pour;;
la;;
nuit;;
uno;;
grande;;
partio;;
de;;
lherba;;
"
";;
qui;;
avait;;
te6;;
ramass6e;;
.;;
ILa;PER;
mre;PER;
Nannette;PER;
fit;;
une;;
"
";;
honne;;
soupo;;
aux;;
pommes;;
de;;
terro;;
;;
et;;
Jeanne;PER;
;;
qui;;
"
";;
n'6tait;;
pus;;
habituee;;
 ;;
en;;
avoir;;
de;;
pareille;;
;;
en;;
"
";;
mangea;;
uno;;
grande;;
assiettee;;
;;
puis;;
elle;;
se;;
coueha;;
.;;
"
";;
Lenfant;;
6tait;;
bien;;
un;;
peu;;
lasse;;
;;
mais;;
tres;;
-0;;
contente;;
"
";;
d';;
avoir;;
aid6;;
la;PER;
mbre;PER;
Nannette;PER;
.;;
"
";;
Ia;PER;
mtre;PER;
Mannaetto;PER;
mne;;
eanne;PER;
h;;
la;;
messe;;
.;;
"
";;
Le;;
lendemain;;
;;
en;;
s';;
eveillant;;
;;
la;PER;
petite;PER;
Jeunne;PER;
"
";;
appela;;
sa;;
mbra;;
;;
puis;;
;;
se;;
souvenant;;
qu';;
elle;;
n'6tait;;
"
";;
pas;;
la;;
;;
elle;;
se;;
leva;;
;;
s';;
habilla;;
et;;
pria;;
la;PER;
mbre;PER;
Nan-;PER;
"
";;
nette;PER;
de;;
la;;
laver;;
et;;
de;;
la;;
peigner;;
;;
comme;;
faisait;;
"
";;
Catherine;PER;
;;
ensuite;;
;;
elle;;
se;;
mit;;
 ;;
genoux;;
et;;
fit;;
sa;;
"
";;
priire;;
.;;
"
";;
a;;
Quelles;;
prieres;;
sais;;
-0;;
tu;;
 ;;
lui;;
demanda;;
la;PER;
mre;PER;
"
";PER;
Nannette;PER;
.;;
"
";;
-0;;
e;;
sais;;
Notre;MISC;
Pere;MISC;
et;;
Je;MISC;
vous;MISC;
sale;MISC;
;;
Marie;MISC;
.;;
"
";;
-0;;
Dias;;
-0;;
les;;
done;;
tout;;
haut;;
.;;
n;;
"
";;
eanne;PER;
les;;
r6ecita;;
sans;;
en;;
manquer;;
un;;
mot;;
.;;
"
";;
Quand;;
alle;;
eut;;
fini;;
;;
eomme;;
elle;;
restait;;
enecore;;
a;;
"
";;
genoux;;
;;
la.mere;PER;
Nannette;PER;
lui;;
demanda;;
:;;
"
";;
a;;
Que;;
dis;;
-0;;
tu;;
done;;
encore;;
f;;
"
";;
-0;;
Je;;
demande;;
au;;
bon;;
Dieu;;
d';;
avoir;;
piti6;;
derFREMIRRE;;
PAHYTIk;;
.;;
"
";;
nous;;
at;;
de;;
bnir;;
tous;;
eaux;;
qui;;
nous;;
assislont;;
;;
"
";;
io;;
dis;;
votra;;
nom;;
lo;;
premir;;
et;;
celui;;
de;;
Mme;PER;
Du-;PER;
"
";PER;
mont;PER;
apres;;
.;;
Maman;PER;
me;;
la;;
fait;;
diro;;
aomme;;
eela;;
"
";;
hier;;
.;;
n;;
"
";;
la;;
messe;;
sonna;;
;;
t;;
la;PER;
mbre;PER;
Nannette;PER;
prit;;
ses;;
"
";;
leaux;;
hahits;;
.;;
Elle;;
regarda;;
la;PER;
potite;PER;
leanno;PER;
;;
aet;;
;;
lui;;
"
";;
voyant;;
un;;
fichu;;
tout;;
dshir6;;
;;
elle;;
lui;;
en;;
mit;;
un;;
"
";;
des;;
sions;;
;;
puis;;
elles;;
puartirent;;
pour;;
leglise;;
;;
em-;;
"
";;
portant;;
chuacune;;
sa;;
chaise;;
.;;
"
";;
Pendant;;
toute;;
la;;
messe;;
;;
Jeanne;PER;
tint;;
un;;
chapelet;;
"
";;
quo;;
lui;;
avait;;
pret;;
la;PER;
mre;PER;
Nanntte;PER;
;;
et;;
dit;;
seas;;
"
";;
pribres;;
.;;
Elle;;
ne;;
tourna;;
point;;
Ia;;
tle;;
pour;;
voir;;
qui;;
"
";;
entrait;;
ni;;
qui;;
sortait;;
;;
elle;;
se;;
mettait;;
a;;
genoux;;
en;;
"
";;
iumo;;
temps;;
que;;
tout;;
le;;
monde;;
;;
et;;
se;;
relevait;;
"
";;
coIme;;
les;;
autres;;
.;;
"
";;
M.;PER;
le;PER;
eur6;PER;
;;
aprbes;;
la;;
messe;;
;;
demanda;;
 ;;
la;PER;
mero;PER;
"
";PER;
Nannette;PER;
oi;;
elle;;
avait;;
pris;;
cette;;
enfant;;
-0;;
la;;
.;;
Alors;;
"
";;
elle;;
lui;;
raeonta;;
l';;
histoire;;
de;;
Catherine;PER;
.;;
"
";;
a;PER;
Mere;PER;
Nannette;PER;
;;
vous;;
etes;;
une;;
digne;;
femmne;;
;;
"
";;
lui;;
dit;;
-il;;
;;
la;;
parole;;
de;;
Dieu;;
n';;
est;;
pas;;
perdue;;
pour;;
"
";;
OUB;;
.;;
"
";;
Retour;;
de;;
Catherine;PER;
.;;
"
";;
Vers;;
midi;;
;;
lon;;
vit;;
venir;;
mattre;PER;
Guillaume;PER;
dans;;
"
";;
une;;
charrette;;
attel6e;;
d';;
un;;
bel;;
ane;;
brun;;
.;;
l;;
s';;
arreta;;
];;
"
";;
devant;;
la;;
porte;;
de;;
la;PER;
mhre;PER;
Nannette;PER;
;;
et;;
fit;;
descen-;;
];;
"
";;
dre;;
Catherine;PER;
;;
qui;;
fut;;
bien;;
contente;;
de;;
revoir;;
sa;;
];;
"
";;
petite;PER;
Jeanne;PER;
quelle;;
n';;
avait;;
jamais;;
quittee;;
aupa-;;
"
";;
ravant;;
.;;
Elle;;
ddtela;;
lane;;
;;
la;PER;
mre;PER;
Nannette;PER;
le;;
prit;;
];;
"
";;
par;;
le;;
licou;;
pour;;
lattacher;;
dans;;
l'6table;;
a;;
a0;;
t;;
de;;
];;
"
";;
sa;;
vaehe;;
;;
puis;;
ello;;
remplit;;
lo;;
rAtelier;;
de;;
bon;;
tfle;;
;;
];;
"
";;
et;;
revint;;
aider;;
Guillaume;PER;
i;;
descendre;;
le;;
coffre;;
et]KNFANCR;;
DRB;;
JANNE;PER;
.;;
"
";;
];;
"
";;
1e;;
lit;;
da;;
Ctherine;PER;
.;;
Ce;;
lit;;
avait;;
des;;
rideaux;;
de;;
toue;;
];;
"
";;
ruay6e;;
et;;
una;;
paillasasa;;
que;;
Guillauma;PER;
avait;;
rem-;;
];;
"
";;
plie;;
de;;
puille;;
frathe;;
;;
en;;
souvenir;;
de;;
son;;
amitie;;
"
";;
HI;;
"

";;
aI;;
"
";;
:;;
"
";;
I;;
"
";;
r'I;;
"
";;
E;;
"
";;
h;;
"


";;
Ki;;
"
";;
L;;
"
";;
I;;
"
";;
I;;
"
";;
I;;
"
";;
I;;
"
";;
I;;
"
";;
.;;
"
";;
I;;
"

";;
G;;
"
";;
LLE2;;
"
";;
A;;
"

";;
I;;
"
";;
II1;;
"
";;
I;;
"
";;
----l;;
;;
"

 
";;
MI;;
"
";;
N;;
"
 ";;
I;;
"
";;
"""";;
W;;
"



";;
I3;;
"
";;
l;;
"


";;
I;;
S;;
"
";;
k;;
-0;;
at;;
"
";;
N;;
"
";;
3;;
.;;
"
";;
Ia;;
"
";;
II;;
"

";;
--ggg;;
"
";;
eanna;PER;
Aette;;
e;;
prlres;;
.;;
"
";;
pour;;
son;;
parent;;
;;
lhomme;;
d6funt;;
de;;
Catherine;PER;
.;;
Il;;
"
";;
y;;
avuait;;
aussi;;
une;;
petite;;
chaise;;
.;;
On;;
monta;;
le;;
ciel;;
"
";;
du;;
lit;;
dans;;
un;;
coin;;
de;;
la;;
chambre;;
;;
qui;;
6tait;;
fortPRMIIRRE;;
AHTI;;
.;;
"
";;
ade;;
;;
on;;
mit;;
l;;
ohlit;;
dessous;;
at;;
 ;;
l;;
;;
coffhe;;
au;;
"
";;
pied;;
hu;;
lit;;
.;;
"
";;
x;;
A;;
present;;
quo;;
tout;;
est;;
ani;;
-0;;
plaae;;
;;
vona;;
alle;;
"
";;
goter;;
aves;;
notus;;
;;
mattre;PER;
Guillaume;PER;
;;
dit;;
la;PER;
mbre;PER;
"
";PER;
Nannette;PER;
;;
Jai;;
fait;;
une;;
honne;;
trieass6o;;
deo;;
pommes;;
"
";;
de;;
terra;;
nouvelles;;
que;;
jai;;
acecommodees;;
avee;;
mon;;
"
";;
heurre;;
tont;;
frais;;
;;
j';;
ai;;
aussi;;
eueilli;;
une;;
salade;;
dans;;
"
";;
mon;;
jardin;;
;;
et;;
nous;;
lassaisonnerons;;
aveo;;
lhuile;;
"
";;
da;;
mon;;
nuyer;;
.;;
Mlon;;
puin;;
n';;
a;;
quo;;
quatre;;
jours;;
;;
et;;
"
";;
moes;;
pruniers;;
;;
suns;;
les;;
vanter;;
;;
donnent;;
d';;
exeel-;;
"
";;
lentes;;
prunes;;
.;;
"
";;
Rn;;
diaant;;
cela;;
;;
elle;;
alla;;
au;;
cellier;;
avee;;
la;PER;
petit;PER;
"
";;
Jeanne;PER;
;;
et;;
en;;
rapporta;;
du;;
vin;;
bian;;
rougo;;
;;
qui;;
eeu-;;
"
";;
mait;;
tout;;
autour;;
de;;
la;;
gueule;;
du;;
broe;;
.;;
"
";;
a;;
Voyevous;;
;;
mattre;PER;
Guillaume;PER;
;;
dit;;
-elle;;
en;;
po-;;
"
";;
sant;;
le;;
vase;;
sur;;
la;;
table;;
;;
jai;;
toujours;;
un;;
quartaut;;
"
";;
ds;;
bon;;
vin;;
en;;
peree;;
.;;
Si;;
quelque;;
voisin;;
regoit;;
un;;
"
";;
mauvais;;
eoup;;
;;
je;;
lui;;
en;;
porte;;
un;;
peu;;
;;
quand;;
un;;
[;;
"
";;
malade;;
en;;
convaleseencee;;
n';;
a;;
pas;;
de;;
vin;;
pour;;
se;;
"
";;
refaire;;
;;
je;;
lui;;
en;;
donne;;
aussi;;
longtemps;;
qu';;
il;;
en;;
a;;
];;
"
";;
besoin;;
;;
et;;
tous;;
les;;
dimanches;;
j';;
en;;
donne;;
aussi;;
];;
"
";;
une;;
chopine;;
a;;
pere;PER;
Bonnet;PER;
;;
le;;
vieux;;
pauvre;;
du;;
];;
"
";;
ourg;;
:;;
ga;;
le;;
r6ehauff;;
;;
le;;
cher;;
homme;;
;;
qui;;
aura;;
];;
"
";;
quatre-vingts;;
ans;;
h;;
Nol;MISC;
proehain;;
.;;
Pour;;
moi;;
;;
je;;
];;
"
";;
nen;;
bois;;
gubre;;
que;;
lorsue;;
j';;
ai;;
du;;
monde;;
;;
comme;;
"
";;
aujourdhui;;
.;;
s;;
"
";;
Lon;;
se;;
mit;;
a;;
taible;;
et;;
l';;
on;;
mangea;;
les;;
pommes;;
"
";;
de;;
terre;;
;;
qui;;
etaient;;
excellentes;;
.;;
Mattre;PER;
Guillaume;PER;
;;
"
";;
memplissant;;
son;;
vee;;
jusquaux;;
hords;;
;;
se;;
leva;;
.;;
];;
"
";;
0ta;;
son;;
clapeau;;
et;;
dit;;
:;;
"
";;
a;;
le;;
bhois;;
a;;
la;;
sant6;;
d;;
las;PER;
mre;PER;
Nannett;PER;
;;
quia;;
];;
"
";;
compassian;;
du;;
pauvre;;
mondel;;
xENFANC;;
D;;
JBAMNR;PER;
.;;
"
";;
Quand;;
on;;
eut;;
fini;;
;;
la;PER;
mre;PER;
Nannette;PER;
tira;;
un;;
bn;;
"
";;
saau;;
d';;
eau;;
frtehe;;
pour;;
faire;;
hoir;;
l';;
ane;;
de;;
maitre;PER;
"
";PER;
Guillaume;PER;
.;;
Il;;
l';;
attela;;
et;;
s';;
en;;
retourna;;
chea;;
lui;;
.;;
"
";;
Ctherine;PER;
va;;
h;;
la;;
porte;;
de;;
.;;
le;;
oure;;
.;;
"
";;
Aprbs;;
lo;;
d6part;;
de;;
mattra;PER;
Guillaume;PER;
;;
Catherine;PER;
"
";;
prit;;
ea;;
flllo;;
pur;;
lu;;
main;;
et;;
lui;;
donna;;
ason;;
bissae;;
;;
"
";;
olles;;
firent;;
une;;
tourn6o;;
dans;;
le;;
bourg;;
et;;
dans;;
les;;
"
";;
metairies;;
des;;
aenvirons;;
.;;
En;;
passant;;
;;
elles;;
earretb-;;
"
";;
rent;;
devant;;
la;;
porte;;
do;;
M.;PER;
le;PER;
eure;PER;
;;
qui;;
les;;
fit;;
entrer;;
.;;
"
";;
a;;
Ma;;
honne;;
femme;;
;;
dit;;
-il;;
h;;
Catherine;PER;
;;
pour-;;
"
";;
quoi;;
ne;;
plaee;;
-vous;;
puas;;
cette;;
enfant;;
chez;;
quelque;;
"
";;
cultivateur;;
qui;;
l';;
enverruit;;
aux;;
champs;;
gurder;;
les;;
"
";;
bestiaux;;
Rlle;;
yserait;;
plus;;
heureuse;;
qu';;
elle;;
ne;;
peut;;
"
";;
ltre;;
avee;;
vous;;
;;
et;;
elle;;
ne;;
saceoutumerait;;
pus;;
a;;
"
";;
mendier;;
.;;
Prenes;;
gardel;;
vous;;
en;;
ferez;;
une;;
fai-;;
"
";;
n6ante;;
.;;
"
";;
-0;;
Nonsieur;PER;
le;PER;
eur6;PER;
;;
il;;
y;;
a;;
longtemps;;
que;;
jy;;
"
";;
ai;;
pense;;
;;
et;;
je;;
vous;;
assure;;
que;;
cest;;
un;;
grand;;
cha-;;
"
";;
grin;;
pour;;
moi;;
que;;
de;;
la;;
voir;;
aller;;
aux;;
portes;;
:;;
il;;
"
";;
y;;
a;;
meme;;
des;;
jours;;
o;;
elle;;
ne;;
peut;;
sy;;
deoider;;
;;
"
";;
mais;;
je;;
suis;;
si;;
faible;;
;;
si;;
malade;;
;;
que;;
je;;
ne;;
pour-;;
"
";;
rai;;
eortir;;
de;;
tout;;
l';;
hiver;;
.;;
"
";;
-0;;
Pourquoi;;
done;;
cela;;
f;;
"
";;
-0;;
Cest;;
que;;
les;;
m6decins;;
l';;
ont;;
d6fendu;;
;;
paros;;
"
";;
qu';;
ils;;
disent;;
que;;
j';;
ai;;
les;;
poumons;;
attaques;;
.;;
Je;;
"
";;
tousse;;
beaueoup;;
et;;
je;;
suis;;
ineapable;;
de;;
travailler;;
;;
"
";;
si;;
leanne;PER;
ne;;
va;;
pas;;
demandaer;;
du;;
pain;;
pour;;
moi;;
;;
"
";;
il;;
faudra;;
dono;;
mourir;;
de;;
fiiml;;
Mais;;
soyes;;
tran-;;
"
";;
quille;;
;;
monsieur;PER;
le;PER;
eure;PER;
;;
je;;
placerai;;
ma;;
petite;;
"
";;
Ieanne;PER;
eha;;
d';;
honnetes;;
gens;;
aussit6;;
t;;
que;;
je;;
lePRMIIRE;;
ARTIR;;
.;;
"
";;
aeurrai;;
;;
ga;;
m;;
peine;;
hien;;
trp;;
de;;
mendiarh;;
man;;
"
";;
goe;;
;;
puur;;
vouloir;;
que;;
ma;;
filla;;
en;;
fhssa;;
autant;;
.;;
"
";;
--;;
ous;;
avo;;
riun;;
;;
a;;
brave;;
femme;;
;;
Nous;;
"
";;
varrons;;
duns;;
quelque;;
tomps;;
ca;;
qu';;
on;;
pourra;;
fira;;
"
";;
our;;
vous;;
:;;
en;;
attndunt;;
;;
vous;;
vindre;;
tous;;
les;;
"
";;
dimanohas;;
ici;;
shareher;;
vingt-cinq;;
cntimes;;
.;;
"
";;
-0;;
Grand;;
meroei;;
;;
monsieur;PER;
le;PER;
eure;PER;
:;;
aoes;;
vingt-;;
"
";;
einq;;
oentimes;;
-0;;
li;;
;;
avaeo;;
les;;
intquante;;
que;;
mo;;
donna;;
"
";;
Mme;PER;
Dumont;PER;
;;
soerviront;;
h;;
nous;;
uchetdr;;
quelquo;;
"
";;
hosa;;
pvur;;
uous;;
habiller;;
;;
onr;;
j';;
ai;;
honts;;
de;;
nos;;
"
";;
guenilles;;
.;;
s;;
"
";;
a;PER;
mre;PER;
Nannette;PER;
falt;;
Ia;;
lsssiee;;
.;;
"
";;
Deux;;
jours;;
apres;;
;;
la;PER;
mbre;PER;
Nannetto;PER;
dit;;
qu';;
elle;;
"
";;
allait;;
fairo;;
la;;
lessive;;
.;;
Catherine;PER;
lui;;
proposa;;
de;;
.;;
"
";;
l';;
entasser;;
pendant;;
qu';;
elle;;
menerait;;
ses;;
betes;;
aux;;
"
";;
chumps;;
.;;
La;PER;
petite;PER;
leanne;PER;
alla;;
toute;;
seule;;
aux;;
por-;;
"
";;
tes;;
:;;
elle;;
eut;;
bien;;
de;;
la;;
peine;;
 ;;
sy;;
dcider;;
;;
mais;;
"
";;
quand;;
sa;;
mere;;
lui;;
eut;;
fait;;
comprendre;;
que;;
;;
sielle;;
"
";;
ne;;
laecompagnait;;
pas;;
;;
c';;
etait;;
pour;;
rendre;;
service;;
"
 ";;
la;PER;
mre;PER;
Nannette;PER;
;;
la;;
petite;;
partit;;
sans;;
rien;;
dire;;
.;;
"
";;
Elle;;
rentra;;
le;;
soir;;
bien;;
joyeuse;;
;;
paree;;
quelle;;
rap-;;
"
";;
portait;;
eaueoup;;
de;;
pain;;
et;;
une;;
paire;;
de;;
sabots;;
"
";;
presque;;
neufs;;
quune;;
femme;;
lui;;
avait;;
donnee;;
;;
elle;;
[;;
"
";;
les;;
avait;;
mis;;
tout;;
de;;
suite;;
 ;;
ses;;
pieds;;
;;
car;;
les;;
];;
"
";;
siens;;
6taient;;
tout;;
percees;;
.;;
"
";;
n;;
passant;;
auprs;;
de;;
l';;
abreuvoir;;
;;
elle;;
s'6taitanr-;;
];;
"
";;
retee;;
pour;;
reguarder;;
un;;
homme;;
qui;;
lavait;;
des;;
ra-;;
];;
"
";;
dis;;
et;;
en;;
faisuiit;;
de;;
petits;;
paquets;;
.;;
Il;;
li;;
ait;;
dit;;
:];;
"
";;
;;
.;;
eei;;
.;;
e;;
t;;
ls;;
eeede;;
eiRNAM;;
DR;;
JBANN;PER;
.;;
"
";;
Ieanne;PER;
haiassa;;
la;;
tte;;
et;;
na;;
dit;;
rian;;
;;
oar;;
elle;;
"
";;
n';;
tait;;
pas;;
hardia;;
.;;
"
";;
a;;
Allons;;
;;
lui;;
dit;;
1'homme;;
;;
tnds;;
ton;;
tblier;;
.;;
n;;
"
";;
Et;;
il;;
lui;;
an;;
jeta;;
une;;
bonne;;
poign6o;;
.;;
IA;PER;
potit;PER;
"
";;
Junne;PER;
le;;
romareia;;
at;;
fut;;
bio;;
eontenta;;
.;;
IL;PER;
mra;PER;
"
";PER;
Nannatte;PER;
lui;;
donna;;
du;;
sel;;
pouir;;
manger;;
ses;;
radis;;
;;
"
";;
et;;
lle;;
flt;;
un;;
bon;;
souper;;
;;
ainsi;;
qu;;
su;;
mre;;
;;
"
";;
Cntherine;PER;
dit;;
h;;
la;PER;
mbre;PER;
Nanaetts;PER;
:;;
"
";;
a;;
Jo;;
ohauffori;;
votre;;
lessive;;
demain;;
et;;
je;;
vous;;
"
";;
aidarai;;
h;;
ln;;
laver;;
aprha;;
-0;;
damain;;
.;;
On;;
n;;
heaucoup;;
"
";;
donn6;;
h;;
Jeanne;PER;
:;;
olle;;
ira;;
 ;;
l';;
herbe;;
et;;
conduira;;
les;;
"
";;
oisons;;
uux;;
ohamps;;
;;
cla;;
vous;;
fera;;
gagner;;
du;;
"
";;
temps;;
;;
et;;
vous;;
pourrez;;
tuvailler;;
un;;
peu;;
.;;
n;;
"
";;
a;PER;
etite;PER;
eanne;PER;
 ;;
oche;;
Mme;PER;
amont;PER;
.;;
"
";;
Le;;
vendredi;;
;;
Jeanne;PER;
;;
en;;
s'6veillant;;
;;
dit;;
i;;
sa;;
"
";;
mere;;
:;;
"
 ";;
Cest;;
aujourd'hui;;
que;;
nous;;
devons;;
aller;;
ehez;LOC;loc.adm
"
";;
la;;
dame;;
cherher;;
les;;
cinquante;;
centimes;;
;;
nous;;
"
";;
irons;;
;;
nest;;
-ce;;
pas;;
;;
maman;;
d;;
"
";;
-0;;
Na;;
fille;;
;;
tu;;
iras;;
toute;;
seule;;
;;
oar;;
il;;
faut;;
que;;
"
";;
;;
aide;;
Ila;PER;
mere;PER;
Nannette;PER;
 ;;
laver;;
son;;
linge;;
.;;
ITu;PER;
vas;;
"
";;
meme;;
y;;
aller;;
ce;;
matin;;
;;
afin;;
do;;
mener;;
les;;
oisons;;
"
";;
et;;
la;;
chevre;;
aux;;
champs;;
quand;;
tu;;
seras;;
reve-;;
"
";;
0;;
.;;
"
";;
-0;;
Maman;;
;;
jamais;;
je;;
n';;
oserai;;
entrer;;
toute;;
seule;;
"
";;
dans;;
ocette;;
belle;;
maison;;
.;;
"
";;
-0;;
Pourquoi;;
done;;
;;
ma;;
Ieannef;PER;
Catte;;
dame;;
est;;
"
";;
si;;
bhonn;;
;;
qe;;
t;;
ne;;
dois;;
pas;;
oraindra;;
dluipnrler;;
.;;
"
";;
z:-;;
"
";;
rAi;;
.;;
ITrouveras;;
-0;;
tu;;
bien;;
la;;
maison?PLMIIRHR;;
ARI;;
.;;
"
";;
-0;;
Ohl;;
oui;;
:;;
a;;
suivrai;;
la;;
ruissen;;
js;;
u;;
"
";;
moulin;;
;;
et;;
jy;;
arrivari;;
tout;;
droit;;
;;
"
";;
En;;
parhnt;;
;;
leain;PER;
pritun;;
bton;;
pour;;
se;;
dfndra;;
"
";;
ountra;;
les;;
hians;;
e';;
olle;;
pourrait;;
rencontrr;;
;;
Ellaan;;
"
";;
riva;;
daevant;;
lugrilhindu;;
jardin;;
;;
et;;
vit;;
sous;;
un;;
heraau;;
"
";;
de;;
chbvrfauille;;
i;;
;;
at;;
Mlma;PER;
Dumant;PER;
qui;;
diaunaiont;;
"
";;
uvea;;
leurs;;
anfants;;
.;;
Cu;;
fut;;
lanur;;
;;
la;;
netite;;
damoiselle;;
"
";;
aux;;
haeveux;;
hlonds;;
;;
qui;;
vit;;
lannna;PER;
la;;
premibera;;
:;;
"
";;
a;;
Miuaman;PER;
;;
voici;;
la;;
jolio;;
pstito;;
fllle;;
qu;;
;;
a;;
rup;;
"
";;
port6;;
lo;;
brucelot;;
.;;
n;;
"
";;
Et;;
ollo;;
se;;
lova;;
pour;;
aller;;
lui;;
ouvrir;;
la;;
grille;;
;;
"
";;
mais;;
son;;
frbre;;
hAugusto;;
;;
qui;;
avait;;
d6jh;;
treizsans;;
;;
"
";;
courut;;
plus;;
vite;;
qu';;
elle;;
et;;
fit;;
entrer;;
leunno;;
.;;
"
";;
a;;
lu;;
viens;;
chereher;;
les;;
cinquunte;;
centimesln;;
"
";;
dit;;
Isaure;PER;
;;
qui;;
n';;
etait;;
pas;;
plus;;
grande;;
que;;
leanne;PER;
.;;
"
";;
Puis;;
;;
uvee;;
la;;
permission;;
de;;
sa;;
mre;;
;;
elle;;
prit;;
"
";;
un;;
gros;;
morceiu;;
d';;
une;;
tarte;;
aux;;
prunes;;
qui;;
6tait;;
"
";;
sur;;
la;;
table;;
;;
et;;
lo;;
lui;;
mit;;
dans;;
la;;
main;;
:;;
"
";;
a;;
Mange;;
;;
petite;;
;;
c';;
est;;
bien;;
bon;;
.;;
"
";;
Jeanne;PER;
prit;;
la;;
tarte;;
;;
mais;;
elle;;
n';;
y;;
toueha;;
pas;;
.;;
"
";;
a;;
Tu;;
n';;
as;;
done;;
pas;;
faim;;
f;;
"
";;
-0;;
Si;;
fait;;
;;
mademoiselle;;
;;
je;;
n';;
ai;;
pas;;
encore;;
d6-;;
"
";;
jeun6;;
"
";;
-0;;
Tu;;
n';;
aimes;;
peut;;
-0;;
etre;;
pas;;
la;;
tarte;;
"
";;
-0;;
Je;;
ne;;
sais;;
pas;;
;;
je;;
n';;
en;;
ai;;
jamais;;
mange;;
"
";;
mais;;
elle;;
sent;;
bien;;
bonl;;
je;;
crois;;
que;;
cest;;
eneore;;
"
";;
meilleur;;
que;;
la;;
galette;;
.;;
"
";;
--;;
Eh;;
bien;;
;;
pourquoi;;
n';;
en;;
manges;;
-0;;
tu;;
pas;;
n;;
"
";;
eanne;;
ne;;
repondit;;
rian;;
.;;
"
";;
.;;
 ;;
Mme;PER;
Dimont;PER;
demanda;;
aussi;;
h;;
eane;PER;
pour-;;
"
";;
ei;;
alle;;
ne;;
touehait;;
pes;;
a;;
sa;;
portion;;
de;;
tart;;
.;;
"
";;
Rlle;;
lui;;
r6pondit;;
en;;
baissant;;
la;;
tete;;
:;;
NFANR;;
D;;
JANNE;PER;
.;;
"
";;
.a;;
C';;
aest;;
que;;
ja;;
voudrais;;
lomportor;;
pour;;
lo;;
g-;;
"
";;
ter;;
da;;
maman;PER;
et;;
da;;
la;;
mbra;PER;
Nannettoe;PER;
